filename,width,height,class,xmin,ymin,xmax,ymax
9bf08da7c318b21d2af4d9b69aba6fed,1200,800,Tornado,942,440,1106,489
9bf08da7c318b21d2af4d9b69aba6fed,1200,800,F35,655,398,793,428
9bf08da7c318b21d2af4d9b69aba6fed,1200,800,A400M,143,266,509,372
9bf08da7c318b21d2af4d9b69aba6fed,1200,800,F15,509,332,649,365
9bf08da7c318b21d2af4d9b69aba6fed,1200,800,Tornado,862,331,978,367
9bf08da7c318b21d2af4d9b69aba6fed,1200,800,F15,516,386,675,424
9bf08da7c318b21d2af4d9b69aba6fed,1200,800,EF2000,716,333,830,366
9bf08da7c318b21d2af4d9b69aba6fed,1200,800,EF2000,780,411,928,454
9bf08da7c318b21d2af4d9b69aba6fed,1200,800,F35,608,337,719,362
