filename,width,height,class,xmin,ymin,xmax,ymax
77aa50d6e05bcb1182de5faa192ade3c,4096,2731,A400M,351,1365,1075,1618
77aa50d6e05bcb1182de5faa192ade3c,4096,2731,A400M,156,1323,1065,1624
77aa50d6e05bcb1182de5faa192ade3c,4096,2731,A400M,1341,1362,1929,1614
77aa50d6e05bcb1182de5faa192ade3c,4096,2731,A400M,1391,1319,2186,1618
77aa50d6e05bcb1182de5faa192ade3c,4096,2731,A400M,1459,1262,2551,1633
77aa50d6e05bcb1182de5faa192ade3c,4096,2731,A400M,1572,1170,2702,1655
77aa50d6e05bcb1182de5faa192ade3c,4096,2731,A400M,1818,988,3983,1699
