filename,width,height,class,xmin,ymin,xmax,ymax
bb2b3c8cec922dfbf69e9ac38172f3dc,4068,2458,A10,511,1978,1479,2210
bb2b3c8cec922dfbf69e9ac38172f3dc,4068,2458,A10,691,1846,2077,2235
bb2b3c8cec922dfbf69e9ac38172f3dc,4068,2458,A10,1882,2114,2183,2206
bb2b3c8cec922dfbf69e9ac38172f3dc,4068,2458,A10,2096,2100,2473,2206
bb2b3c8cec922dfbf69e9ac38172f3dc,4068,2458,A10,2507,2075,2978,2203
bb2b3c8cec922dfbf69e9ac38172f3dc,4068,2458,A10,2941,2042,3546,2202
bb2b3c8cec922dfbf69e9ac38172f3dc,4068,2458,A10,1381,1084,4068,2384
